<?xml version="1.0" encoding="UTF-8"?>
<project-private xmlns="http://www.netbeans.org/ns/project-private/1">
    <editor-bookmarks xmlns="http://www.netbeans.org/ns/editor-bookmarks/2" lastBookmarkId="0"/>
    <open-files xmlns="http://www.netbeans.org/ns/projectui-open-files/2">
        <group>
            <file>file:/home/ada/Desktop/java/l6/l6/src/l6/Toolbar.java</file>
            <file>file:/home/ada/Desktop/java/l6/l6/src/l6/ControlPanel.java</file>
            <file>file:/home/ada/Desktop/java/l6/l6/src/l6/Canvas.java</file>
            <file>file:/home/ada/Desktop/java/l6/l6/src/l6/DrawingFrame.java</file>
            <file>file:/home/ada/Desktop/java/l6/l6/src/l6/L6.java</file>
        </group>
    </open-files>
</project-private>
